"Reference","Value","Footprint","MFT","MNP","Description"
"BT1,BT3","-- mixed values --","SAMPI:BUTTON_4P_6x6","SCHUR","1301.9304","SWITCH TACTILE T/H DIP-4 SPST-NO OFF-MOM STANDARD 12V 50mA TRAVEL0.25MM WxLxH(6x6x7.5)"
"C1,C2,C4,C5,C10,C15,C17,C31,C38,C40,C41,C42,C43,C44,C48,C49,C50,C52,C53","100nF","SAMPI:CAP0603","YAGE","CC0603ZRY5V9BB104","CAP CER SMD 0603 100nF 50V -20%/80% Y5V GENPURPOSE"
"C3,C6,C26","220uF","SAMPI:CAP1411","NCHC","F930J227KBA","CAP TANT SMD 1411 220uF 6.3V 10% 1.2OHM WxLxH(2.8x3.5x2.3)"
"C7,C8,C9,C13,C19,C20,C21,C22,C39,C55,C56","22pF","SAMPI:CAP0603","YAGE","CC0603JRNPO9BN220","CAP CER SMD 0603 22pF 50V 5% NP0 WxLxH(0x1.6x0.9)"
"C11,C12,C14,C16,C34,C35,C37","10nF","SAMPI:CAP0603","MRTN","GRM188R71H103KA01D","CAP CER SMD 0603 10nF 50V 10% X7R GENPURPOSE"
"C18,C28,C57,C113,C122,C124,C126,C128","-- mixed values --","SAMPI:CAP0402","Murata","GRM155C80J106ME11D","CAP CER 10UF 6.3V X6S 0402"
"C23,C25,C29,C30,C32,C33,C51,C58,C59,C60,C110,C112,C121,C123,C125,C127","100nF","SAMPI:CAP0402","Murata","GRM155R71H104ME14D","CAP CER 0.1UF 50V X7R 0402"
"C24,C61,C62,C101,C119,C120","22pF","SAMPI:CAP0402","Murata","GRM1555C1H220JA01D","CAP CER 22PF 50V C0G/NP0 0402"
"C27,C36,C45,C46,C47,C54","10uF","SAMPI:CAP0603","TAIY","EMK107BBJ106MA-T","CAP CER SMD 0603 10uF 16V 20% X5R WxLxH(0.8x1.6x1)"
"D1","TVS 5.5V","SAMPI:SOT143B_NEXT","Nexperia","PRTR5V0U2X,215","TVS DIODE 5.5VWM SOT143B"
"D2,D3","-- mixed values --","SAMPI:LED0603","ROHM","SML-D12M8WT86","LED GREEN DIFFUSED 3MM ROUND T/H"
"D4,D102","PWR","SAMPI:LED0603","Harvatek","B1931URO-20D000114U1930","LED RED DIFFUSED 0603 SMD"
"D5,D6","-- mixed values --","SAMPI:LED0603","ROHM","SML-D12V8WT86P","LED RED DIFFUSED 3MM ROUND T/H"
"D7,D8,D9,D10","-- mixed values --","SAMPI:LED0606_4P","ROHM","SML-522MU8WT86","LED GREEN/RED DIFFUSED 0606 SMD"
"D11,D101","SLED","SAMPI:LED0603","Harvatek","B1931NG--20D001114U1930","LED GREEN DIFFUSED 0603 SMD"
"F1","750mA","Liem:FUSE1812","SCHU","PFMF.075.2","PROTECT FUSERESETTABLE SMD 1812 HOLD750mA TRIP1.5A 13.2V 100AMAX 200mS"
"FT1,FT2,FT3,FT4,FT5,FT6","120R@100MHz","SAMPI:FT0603","TDK","MPZ1608S121ATAH0","FERRITE BEAD 120 OHM 0603 1LN"
"FT7,FT8","1K@100MHz","SAMPI:IND0402","Murata","BLM15AG102SH1D","FERRITE BEAD 1K OHM 0402 1LN"
"J1","USB C","SAMPI:USB4105","GCT","USB4105-GF-A","CONN RCP USB2.0 TYP C 24P SMD RA"
"J2,J6,J101,J102","HEADER 2x15POS","SAMPI:HD-2x15x1.27-SMD","Amphenol","10152265-1301HF","MINITEK127 1.27MM, VERTICAL HEAD"
"J3","SNAP PINOUT","SAMPI:HDF1x8x2.54_TH_RA","CHINA","HEADER-1X40-MALE-RIGHT","CONN HDR 8POS 0.1 TIN PCB R/A"
"J4","MICRO USB","SAMPI:ZX60-B-5S(31)","Hirose","ZX60-B-5S(31)","CONN PLUG USB2.0 MICRO B SMD R/A"
"J5","MCDBG PORT","SAMPI:IDC-2x6x2.54MM_TH","Samtec Inc.","TST-106-01-T-D","CONN HEADER VERT 12POS 2.54MM"
"Q1,Q2","MFET N","SAMPI:SOT23","IRF","IRLML2402GTRPBF","DISCRETE MOSFET SMD SOT23-3 SINGLE N-CH 20Vdss 1.2A 540mW 0.7Vgs@250uA"
"R1,R2","5.1K","SAMPI:RES0603","YAGE","RC0603FR-075K1L","RES 5.1K OHM 1% 1/10W 0603"
"R3,R10,R19,R20,R25","100K","SAMPI:RES0603","NIC","NRC06F1003TRF","RES 100K OHM 1% 1/10W 0603"
"R4,R12,R103","10K","SAMPI:RES0402","Yageo","RC0402JR-0710KL","RES 10K OHM 5% 1/16W 0402"
"R5,R18,R28,R29,R34,R35,R38,R39,R47","-- mixed values --","SAMPI:RES0603","YAGEO","RC0603FR-0710KL","RES 10K OHM 1% 1/10W 0603"
"R6,R46","12K","SAMPI:RES0603","YAGEO","RC0603FR-0712KL","RES 12K OHM 1% 1/10W 0603"
"R7,R8,R9","47K","SAMPI:RES0603","YAGEO","RC0603FR-0747KL","RES 47K OHM 1% 1/10W 0603"
"R11,R21,R22,R27,R49,R50,R51,R52,R53,R54,R55,R56","1K","SAMPI:RES0603","ROHM","MCR03PZPZFX1001","RES 1K OHM 1% 1/10W 0603"
"R13,R14,R101,R102","1K","SAMPI:RES0402","Yageo","RC0402JR-071KL","RES 1K OHM 5% 1/16W 0402"
"SW1","PRG SEL","SAMPI:SW_PUSH_2DPDT","E-Switch","TL2201EEYA","SWITCH PUSH DPDT 0.1A 30V"
"U1","LDO 3.3V","SAMPI:DFN8_3x3_MCHP","Microchip Technology","MCP1727-3302E/MF","IC REG LINEAR 3.3V 1.5A 8DFN"
"U2","USB HUB 2.0 4-CH","SAMPI:SQFN36_6x6_MCHP","MCHP","USB2514B/M2","IC HUB CTLR 4PORT USB 2.0 HS 36S"
"U3","SPI EEPROM","SAMPI:SOT-23-6_MCHP","MCHP","93LC56AT-I/OT","IC EEPROM 2KBIT MIC WIRE SOT23-6"
"U4","ATSAME70J20B","SAMPI:TQFP64_10x10_MCHP","Microchip","ATSAME70J20B-AN","IC MCU 32BIT 1MB FLASH 64LQFP"
"U5,U102","12MHz","SAMPI:SMD4-2520","Abracon","ABM10-167-12.000MHZ-T3","CRYSTAL 12.0000MHZ 8PF SMD"
"U7","LOAD SWITCHER","SAMPI:SOT363","Microchip Technology","MIC94090YC6-TR","IC PWR SWITCH P-CHAN 1:1 SC70-6"
"U8","FT4232H","SAMPI:VQFN-56_FTDI","FTDI","FT4232H-56Q","IC USB TO UART/MPSSE QUAD 56VQFN"
"U9","SHIFT REG 8BIT","SAMPI:TSSOP16-SOT403-1","FCS","MM74HC595MX","LOGIC SHIFTRESISTOR SMD SOIC-16 8BIT 1-CH TRI 2V-6V PITCHxW(1.27x3.9)"
"U10","12MHz","SAMPI:CDFN2520-ABM10","ABRC"," ABM10-167-12.000MHZ-T3","CRYSTAL 12.00MHZ 8PF LOW ESR SMD"
"U101","MIPS 32-bit DSC","SAMPI:TQFP64_10x10_MCHP","Microchip","PIC32MK1024MCM064-I/PT","IC MCU 32BIT 1MB FLASH 64TQFP"
"Y1","24MHz","SAMPI:CDFN2520-ABM10","CTSF","425F35B024M0000","XTAL 24MHz 30PPM 13pF -20°C/70°C SMD SMD-4 WxLxH(2x2.5x0.65)"
